z_true,cost_true,method,z_hat,error,cost_hat,regret
0.57666487,0.9038983,Sto,0.5681489,-0.008515954,0.9039227366447449,2.4437904357910156e-05
0.57666487,0.9038983,Det,2.0,1.4233351,2.2498462200164795,1.3459479212760925
0.57666487,0.9038983,Gaussian,2.0,1.4233351,2.2498462200164795,1.3459479212760925
